registered_charity_number,iati_publisher_id,iati_publisher_name,iati_publisher_slug,iati_license_id,iati_id_as_declared,retrieved_utc
1000717,GB-CHC-1000717,CODA International,coda,cc-by,GB-CHC-1000717,2026-08-15T14:06:31Z
1001349,GB-CHC-1001349,Samaritan's Purse UK,spuk,cc-by,GB-CHC-1001349,2026-08-15T14:06:31Z
1001698,GB-CHC-1001698,Interact Worldwide,iww_publish,cc-by,GB-CHC-1001698,2026-08-15T14:06:31Z
1001813,GB-CHC-1001813,The HALO Trust,halo,other-open,GB-CHC-1001813,2026-08-15T14:06:31Z
1013587,GB-CHC-1013587,Chance for Childhood,chanceforchildhood,odc-by,GB-CHC-1013587,2026-08-15T14:06:31Z
1016676,GB-CHC-1016676,INTRAC,intrac,odc-by,GB-CHC-1016676,2026-08-15T14:06:31Z
1017255,GB-CHC-1017255,Homeless International,hi,cc-by,GB-CHC-1017255,2026-08-15T14:06:31Z
1017336,GB-CHC-1017336,Elton John AIDS Foundation,ejaf,odc-by,GB-CHC-1017336,2026-08-15T14:06:31Z
1020488,GB-CHC-1020488,Children in Crisis,cic,other-open,GB-CHC-1020488,2026-08-15T14:06:31Z
1024903,GB-CHC-1024903,Hospice Africa Ltd,hauk,other-open,GB-CHC-1024903,2026-08-15T14:06:31Z
1027201,GB-CHC-1027201,Institute for War & Peace Reporting,iwpr,other-open,GB-CHC-1027201,2026-08-15T14:06:31Z
1029161,GB-CHC-1029161,Camfed International,camfed,odc-odbl,GB-CHC-1029161,2026-08-15T14:06:31Z
1030884,GB-CHC-1030884,The Wildfowl and Wetlands Trust,gb-chc-1030884,cc-by,GB-CHC-1030884,2026-08-15T14:06:31Z
1038785,GB-CHC-1038785,Mifumi UK,mifumi_uk,cc-by,GB-CHC-1038785,2026-08-15T14:06:31Z
1038860,GB-CHC-1038860,Frontline AIDS,f-aids,odc-by,GB-CHC-1038860,2026-08-15T14:06:31Z
1043843,GB-CHC-1043843,Saferworld,saferworld,odc-pddl,GB-CHC-1043843,2026-08-15T14:06:31Z
1046001,GB-CHC-1046001,Disability and Development Partners,ddp,cc-by,GB-CHC-1046001,2026-08-15T14:06:31Z
1046579,GB-CHC-1046579,Consortium for Street Children,csc,other-open,GB-CHC-1046579,2026-08-15T14:06:31Z
1047501,GB-CHC-1047501,Action Against Hunger UK,acf,cc-by,GB-CHC-1047501,2026-08-15T14:06:31Z
1047608,GB-CHC-1047608,Alliance of Religions and Conservation,alliance_of_religions_and_conservation,cc-by,GB-CHC-1047608,2026-08-15T14:06:31Z
1047653,GB-CHC-1047653,Raleigh International,raleigh_int,cc-zero,GB-CHC-1047653,2026-08-15T14:06:31Z
1048007,GB-CHC-1048007,Link Community Development International,lcdi_admin,other-open,GB-CHC-1048007,2026-08-15T14:06:31Z
1049160,GB-CHC-1049160,Anti-Slavery International,asil,odc-by,GB-CHC-1049160,2026-08-15T14:06:31Z
1050327,GB-CHC-1050327,The Leprosy Mission England and Wales,tlmew,cc-by,GB-CHC-1050327,2026-08-15T14:06:31Z
1050821,GB-CHC-1050821,Buddhist Compassion Relief Tzu Chi Foundation,tzuchiuk,odc-by,GB-CHC-1050821,2026-08-15T14:06:31Z
1051681,GB-CHC-1051681,Amnesty International UK Section Charitable Trust,aiuk,other-open,GB-CHC-1051681,2026-08-15T14:06:31Z
1053389,GB-CHC-1053389,Viva,viva,other-at,GB-CHC-1053389,2026-08-15T14:06:31Z
1054369,GB-CHC-1054369,KwaAfrica,kwaafrica,other-open,GB-CHC-1054369,2026-08-15T14:06:31Z
1055436,GB-CHC-1055436,Conciliation Resources,cr,cc-by,GB-CHC-1055436,2026-08-15T14:06:31Z
1058162,GB-CHC-1058162,Christian Blind Mission (UK) Ltd.,cbm,odc-by,GB-CHC-1058162,2026-08-15T14:06:31Z
1058991,GB-CHC-1058991,Railway Children,rc,other-open,GB-CHC-1058991,2026-08-15T14:06:31Z
1059996,GB-CHC-1059996,Power International,power,odc-pddl,GB-CHC-1059996,2026-08-15T14:06:31Z
1061352,GB-CHC-1061352,Orbis Charitable Trust,orbis_uk,cc-by,GB-CHC-1061352,2026-08-15T14:06:31Z
1062638,GB-CHC-1062638,Disasters Emergency Committee,dec-uk,other-open,GB-CHC-1062638,2026-08-15T14:06:31Z
1064413,GB-CHC-1064413,African Initiatives,ai_1064413,other-open,GB-CHC-1064413,2026-08-15T14:06:31Z
1065705,GB-CHC-1065705,Survivors Fund (SURF),surf,odc-pddl,GB-CHC-1065705,2026-08-15T14:06:31Z
1065972,GB-CHC-1065972,International Rescue Committee UK,irc_uk,cc-by,GB-CHC-1065972,2026-08-15T14:06:31Z
1067406,GB-CHC-1067406,Doctors of the World UK,dotw_uk,cc-by,GB-CHC-1067406,2026-08-15T14:06:31Z
1068839,GB-CHC-1068839,Bond,bond,cc-by,GB-CHC-1068839,2026-08-15T14:06:31Z
1069182,GB-CHC-1069182,International Service,unais,odc-by,GB-CHC-1069182,2026-08-15T14:06:31Z
1069208,GB-CHC-1069208,Trust for Africa's Orphans,tao-03473165,other-at,GB-CHC-1069208,2026-08-15T14:06:31Z
1070684,GB-CHC-1070684,Cord,cord,other-at,GB-CHC-1070684,2026-08-15T14:06:31Z
1071659,GB-CHC-1071659,War Child UK,wcuk,cc-by,GB-CHC-1071659,2026-08-15T14:06:31Z
1071660,GB-CHC-1071660,Cecily's Fund,cecily,other-at,GB-CHC-1071660,2026-08-15T14:06:31Z
1071886,GB-CHC-1071886,TB Alert,tbalert,other-pd,GB-CHC-1071886,2026-08-15T14:06:31Z
1074857,GB-CHC-1074857,Church of England - The Archbishops' Council,coe-abc,other-at,GB-CHC-1074857,2026-08-15T14:06:31Z
1074937,GB-CHC-1074937,ADRA-UK,adrauk,odc-odbl,GB-CHC-1074937,2026-08-15T14:06:31Z
1075920,GB-CHC-1075920,Indigo Trust,indtrust,cc-zero,GB-CHC-1075920,2026-08-15T14:06:31Z
1076235,GB-CHC-1076235,BBC Media Action,bbcmediaaction,other-open,GB-CHC-1076235,2026-08-15T14:06:31Z
1076497,GB-CHC-1076497,Sense International,sense_international,cc-by,GB-CHC-1076497,2026-08-15T14:06:31Z
1076722,GB-CHC-1076722,TRAFFIC International,traffic,other-at,GB-CHC-1076722,2026-08-15T14:06:31Z
1076822,GB-CHC-1076822,Save the Children International,sci,cc-by,GB-CHC-1076822,2026-08-15T14:06:31Z
1077216,GB-CHC-1077216,Compassion UK,comp_uk,cc-by,GB-CHC-1077216,2026-08-15T14:06:31Z
1077889,GB-CHC-1077889,Pump Aid,pumpaid,cc-by,GB-CHC-1077889,2026-08-15T14:06:31Z
1078768,GB-CHC-1078768,People In Aid,peopleinaid,other-open,GB-CHC-1078768,2026-08-15T14:06:31Z
1078803,GB-CHC-1078803,Bees for Development Trust,beesfordevelopment,other-pd,GB-CHC-1078803,2026-08-15T14:06:31Z
1079358,GB-CHC-1079358,Motivation,motivation,cc-by,GB-CHC-1079358,2026-08-15T14:06:31Z
1079599,GB-CHC-1079599,BasicNeeds,basicneeds,other-open,GB-CHC-1079599,2026-08-15T14:06:31Z
1079752,GB-CHC-1079752,RedR UK,redruk,odc-by,GB-CHC-1079752,2026-08-15T14:06:31Z
1081247,GB-CHC-1081247,WWF-UK,wwf-uk,other-at,GB-CHC-1081247,2026-08-15T14:06:31Z
1081695,GB-CHC-1081695,Vision Aid Overseas,vao,other-open,GB-CHC-1081695,2026-08-15T14:06:31Z
1081769,GB-CHC-1081769,Transform Africa,transafrica19,,GB-CHC-1081769,2026-08-15T14:06:31Z
1082139,GB-CHC-1082139,Thomson Reuters Foundation,trf,cc-by,GB-CHC-1082139,2026-08-15T14:06:31Z
1082565,GB-CHC-1082565,Handicap International UK,hiuk,other-open,GB-CHC-1082565,2026-08-15T14:06:31Z
1083008,GB-CHC-1083008,MAG,mag,other-open,GB-CHC-1083008,2026-08-15T14:06:31Z
1084729,GB-CHC-1084729,World Child Cancer UK,wccuk,cc-by,GB-CHC-1084729,2026-08-15T14:06:31Z
1085096,GB-CHC-1085096,Women and Children First (UK),wcf,cc-by-sa,GB-CHC-1085096,2026-08-15T14:06:31Z
1086159,GB-CHC-1086159,One to One Children's Fund,onetoonecf,cc-by,GB-CHC-1086159,2026-08-15T14:06:31Z
1087997,GB-CHC-1087997,Stars Foundation,starsfoundation,cc-by,GB-CHC-1087997,2026-08-15T14:06:31Z
1089110,GB-CHC-1089110,Global Canopy,globalcanopy,other-open,GB-CHC-1089110,2026-08-15T14:06:31Z
1089490,GB-CHC-1089490,Hope and Homes for Children,hhc,other-open,GB-CHC-1089490,2026-08-15T14:06:31Z
1089879,GB-CHC-1089879,EveryChild,evc,odc-pddl,GB-CHC-1089879,2026-08-15T14:06:31Z
1090745,GB-CHC-1090745,ICA:UK,icauk,cc-by,GB-CHC-1090745,2026-08-15T14:06:31Z
1091105,GB-CHC-1091105,Meningitis Research Foundation,mrf,other-open,GB-CHC-1091105,2026-08-15T14:06:31Z
1092236,GB-CHC-1092236,Concern Worldwide UK,concernuk,odc-by,GB-CHC-1092236,2026-08-15T14:06:31Z
1093861,GB-CHC-1093861,International Medical Corps UK,imc_uk,odc-pddl,GB-CHC-1093861,2026-08-15T14:06:31Z
1094272,GB-CHC-1094272,Project Harar,phe,cc-by,GB-CHC-1094272,2026-08-15T14:06:31Z
1094478,GB-CHC-1094478,Excellent Development,excellent,other-open,GB-CHC-1094478,2026-08-15T14:06:31Z
1096479,GB-CHC-1096479,ShelterBox,shelterbox,other-open,GB-CHC-1096479,2026-08-15T14:06:31Z
1096908,GB-CHC-1096908,Afghanistan and Central Asian Association,acaa,odc-pddl,GB-CHC-1096908,2026-08-15T14:06:31Z
1098106,GB-CHC-1098106,Relief International UK,ri-uk,other-pd,GB-CHC-1098106,2026-08-15T14:06:31Z
1098752,GB-CHC-1098752,Target TB,targettb,cc-by,GB-CHC-1098752,2026-08-15T14:06:31Z
1099776,GB-CHC-1099776,Malaria Consortium,malariaconsortium,cc-by,GB-CHC-1099776,2026-08-15T14:06:31Z
1101217,GB-CHC-1101217,LAMB Health Care Foundation,lhcf,other-pd,GB-CHC-1101217,2026-08-15T14:06:31Z
1102028,GB-CHC-1102028,Canon Collins Trust,canoncollinstrust,other-open,GB-CHC-1102028,2026-08-15T14:06:31Z
1102909,GB-CHC-1102909,The Climate Change Organisation,climate-group,cc-by-sa,GB-CHC-1102909,2026-08-15T14:06:31Z
1104287,GB-CHC-1104287,MicroLoan Foundation,mlf,other-open,GB-CHC-1104287,2026-08-15T14:06:31Z
1104458,GB-CHC-1104458,Theatre for a Change UK,tfac,cc-by-sa,GB-CHC-1104458,2026-08-15T14:06:31Z
1105277,GB-CHC-1105277,Learning for Life,learningforlife,other-open,GB-CHC-1105277,2026-08-15T14:06:31Z
1105489,GB-CHC-1105489,Sabre Education Limited,sct,cc-by,GB-CHC-1105489,2026-08-15T14:06:31Z
1105851,GB-CHC-1105851,Christian Aid,caid,odc-by,GB-CHC-1105851,2026-08-15T14:06:31Z
1106156,GB-CHC-1106156,kidasha,kidasha,cc-by,GB-CHC-1106156,2026-08-15T14:06:31Z
1106349,GB-CHC-1106349,International Network for Advancing Science and Policy,inasp,cc-by-sa,GB-CHC-1106349,2026-08-15T14:06:31Z
1107403,GB-CHC-1107403,GOAL,goal,cc-by,GB-CHC-1107403,2026-08-15T14:06:31Z
1108464,GB-CHC-1108464,Bees Abroad UK,bauk,other-open,GB-CHC-1108464,2026-08-15T14:06:31Z
1108718,GB-CHC-1108718,African Revival,africanrevival,other-open,GB-CHC-1108718,2026-08-15T14:06:31Z
1109789,GB-CHC-1109789,Y Care International,ycare,other-at,GB-CHC-1109789,2026-08-15T14:06:31Z
1110434,GB-CHC-1110434,Wellfound,wellfound,cc-by,GB-CHC-1110434,2026-08-15T14:06:31Z
1111719,GB-CHC-1111719,Anglo American Foundation,aaf,cc-by,GB-CHC-1111719,2026-08-15T14:06:31Z
1112404,GB-CHC-1112404,Right To Play UK,rtp_uk,cc-by,GB-CHC-1112404,2026-08-15T14:06:31Z
1112699,GB-CHC-1112699,Teach A Man To Fish,tamtf,other-open,GB-CHC-1112699,2026-08-15T14:06:31Z
1112734,GB-CHC-1112734,PHASE Worldwide,phase_worldwide,odc-by,GB-CHC-1112734,2026-08-15T14:06:31Z
1112842,GB-CHC-1112842,Transparency International UK,ti-uk,odc-by,GB-CHC-1112842,2026-08-15T14:06:31Z
1113101,GB-CHC-1113101,Tropical Health and Education Trust,tropicalhealth,other-open,GB-CHC-1113101,2026-08-15T14:06:31Z
1113868,GB-CHC-1113868,Hand in Hand International,handinhand,other-open,GB-CHC-1113868,2026-08-15T14:06:31Z
1114727,GB-CHC-1114727,Joshua Orphan and Community Care,jocc_uk,other-open,GB-CHC-1114727,2026-08-15T14:06:31Z
1114944,GB-CHC-1114944,iPartner India,ip-india,other-at,GB-CHC-1114944,2026-08-15T14:06:31Z
1115109,GB-CHC-1115109,Women for Women International (UK),wfwiuk,other-at,GB-CHC-1115109,2026-08-15T14:06:31Z
1115482,GB-CHC-1115482,BRAC UK,bracuk,other-open,GB-CHC-1115482,2026-08-15T14:06:31Z
1117377,GB-CHC-1117377,Village Water Ltd,villagewater,odc-pddl,GB-CHC-1117377,2026-08-15T14:06:31Z
1117528,GB-CHC-1117528,Haiti Hospital Appeal,hha,other-open,GB-CHC-1117528,2026-08-15T14:06:31Z
1118528,GB-CHC-1118528,Child.org,child-dot_org,cc-by,GB-CHC-1118528,2026-08-15T14:06:31Z
1119168,GB-CHC-1119168,Energy 4 Impact,e4i,other-open,GB-CHC-1119168,2026-08-15T14:06:31Z
1120413,GB-CHC-1120413,MICAIA,mic-uk,odc-pddl,GB-CHC-1120413,2026-08-15T14:06:31Z
1120932,GB-CHC-1120932,Network for Africa,network4africa,odc-pddl,GB-CHC-1120932,2026-08-15T14:06:31Z
1121273,GB-CHC-1121273,FRANK Water,frankwater,other-open,GB-CHC-1121273,2026-08-15T14:06:31Z
1122299,GB-CHC-1122299,interburns,interburns,odc-by,GB-CHC-1122299,2026-08-15T14:06:31Z
1122330,GB-CHC-1122330,CDP Worldwide,cdp,cc-by,GB-CHC-1122330,2026-08-15T14:06:31Z
1122799,GB-CHC-1122799,Retrak,retrak,cc-by,GB-CHC-1122799,2026-08-15T14:06:31Z
1122924,GB-CHC-1122924,Developments In Literacy Trust UK,diltuk,odc-odbl,GB-CHC-1122924,2026-08-15T14:06:31Z
1123241,GB-CHC-1123241,Peace Direct,peacedirect,cc-by,GB-CHC-1123241,2026-08-15T14:06:31Z
1123384,GB-CHC-1123384,Foundation for Social Improvement,the_fsi,odc-by,GB-CHC-1123384,2026-08-15T14:06:31Z
1123946,GB-CHC-1123946,Youth Business International,ybi,other-open,GB-CHC-1123946,2026-08-15T14:06:31Z
1125217,GB-CHC-1125217,Welbodi Partnership,welbodipartnership,other-open,GB-CHC-1125217,2026-08-15T14:06:31Z
1125512,GB-CHC-1125512,Lively Minds,livelyminds,other-open,GB-CHC-1125512,2026-08-15T14:06:31Z
1125948,GB-CHC-1125948,PONT,pont,odc-pddl,GB-CHC-1125948,2026-08-15T14:06:31Z
1126281,GB-CHC-1126281,Human Relief Foundation,hrf,cc-by-sa,GB-CHC-1126281,2026-08-15T14:06:31Z
1126550,GB-CHC-1126550,PEAS (Promoting Equality in African Schools),peas,odc-by,GB-CHC-1126550,2026-08-15T14:06:31Z
1126727,GB-CHC-1126727,MapAction,mapaction,cc-by,GB-CHC-1126727,2026-08-15T14:06:31Z
1127206,GB-CHC-1127206,StreetInvest,si,other-open,GB-CHC-1127206,2026-08-15T14:06:31Z
1127366,GB-CHC-1127366,British Asian Trust,b_a_t,cc-by,GB-CHC-1127366,2026-08-15T14:06:31Z
1127488,GB-CHC-1127488,Restless Development,restless,odc-pddl,GB-CHC-1127488,2026-08-15T14:06:31Z
1128536,GB-CHC-1128536,Street Child,street_child,cc-by,GB-CHC-1128536,2026-08-15T14:06:31Z
1129603,GB-CHC-1129603,Cyan International,cyan,,GB-CHC-1129603,2026-08-15T14:06:31Z
1133342,GB-CHC-1133342,Zing,zing,odc-pddl,GB-CHC-1133342,2026-08-15T14:06:31Z
1135156,GB-CHC-1135156,TREE AID,treea,other-open,GB-CHC-1135156,2026-08-15T14:06:31Z
1135700,GB-CHC-1135700,British & Irish Agencies Afghanistan Group,baag,other-open,GB-CHC-1135700,2026-08-15T14:06:31Z
1137523,GB-CHC-1137523,The Proforest Initiative UK,pi-uk,cc-by,GB-CHC-1137523,2026-08-15T14:06:31Z
1138287,GB-CHC-1138287,Rainforest Foundation UK,rfuk,odc-pddl,GB-CHC-1138287,2026-08-15T14:06:31Z
1139083,GB-CHC-1139083,Grow Movement,growmovement_admin,other-open,GB-CHC-1139083,2026-08-15T14:06:31Z
1140123,GB-CHC-1140123,Vision for a Nation Foundation,vfan,other-pd,GB-CHC-1140123,2026-08-15T14:06:31Z
1140288,GB-CHC-1140288,The Fred Hollows Foundation (UK),fhfuk,odc-by,GB-CHC-1140288,2026-08-15T14:06:31Z
1141028,GB-CHC-1141028,AfriKids,afrikids,odc-pddl,GB-CHC-1141028,2026-08-15T14:06:31Z
1141471,GB-CHC-1141471,Global Network of Civil Society Organisations for Disaster Risk Reduction (GNDR),gndr,odc-by,GB-CHC-1141471,2026-08-15T14:06:31Z
1141552,GB-CHC-1141552,Balloon Ventures Foundation,bvf,cc-zero,GB-CHC-1141552,2026-08-15T14:06:31Z
1142476,GB-CHC-1142476,Friends of Kipkelion,kipkelion,other-open,GB-CHC-1142476,2026-08-15T14:06:31Z
1142516,GB-CHC-1142516,ColaLife,colalife,cc-by,GB-CHC-1142516,2026-08-15T14:06:31Z
1143797,GB-CHC-1143797,Syria Relief,sr,other-open,GB-CHC-1143797,2026-08-15T14:06:31Z
1143852,GB-CHC-1143852,Hagar International UK,hagar_uk,other-open,GB-CHC-1143852,2026-08-15T14:06:31Z
1144091,GB-CHC-1144091,Nesta,nesta,odc-pddl,GB-CHC-1144091,2026-08-15T14:06:31Z
1145119,GB-CHC-1145119,Varkey Foundation,varkeyfoundation,odc-by,GB-CHC-1145119,2026-08-15T14:06:31Z
1145640,GB-CHC-1145640,The Queen Elizabeth Diamond Jubilee Trust,qedjt,other-open,GB-CHC-1145640,2026-08-15T14:06:31Z
1145721,GB-CHC-1145721,Zambia Orphans Aid UK,zoa_uk,odc-by,GB-CHC-1145721,2026-08-15T14:06:31Z
1146162,GB-CHC-1146162,Royal Society of Tropical Medicine & Hygiene,rstmh,cc-by,GB-CHC-1146162,2026-08-15T14:06:31Z
1147083,GB-CHC-1147083,Rojiroti UK,rojiroti,odc-by,GB-CHC-1147083,2026-08-15T14:06:31Z
1147298,GB-CHC-1147298,One Young World,oyw,odc-by,GB-CHC-1147298,2026-08-15T14:06:31Z
1148143,GB-CHC-1148143,Stakeholder Democracy Network,sdn,cc-zero,GB-CHC-1148143,2026-08-15T14:06:31Z
1148404,GB-CHC-1148404,Internews Europe,ieu,other-open,GB-CHC-1148404,2026-08-15T14:06:31Z
1150214,GB-CHC-1150214,Carers Worldwide,cww,odc-by,GB-CHC-1150214,2026-08-15T14:06:31Z
1150964,GB-CHC-1150964,inHive,inhive,odc-pddl,GB-CHC-1150964,2026-08-15T14:06:31Z
1150993,GB-CHC-1150993,Near East Foundation UK (NEF UK),nef-uk,odc-pddl,GB-CHC-1150993,2026-08-15T14:06:31Z
1151219,GB-CHC-1151219,DeafKidz International,dki1151219,other-open,GB-CHC-1151219,2026-08-15T14:06:31Z
1151615,GB-CHC-1151615,Signal,signal,odc-pddl,GB-CHC-1151615,2026-08-15T14:06:31Z
1152010,GB-CHC-1152010,Child-to-Child,ctc,other-open,GB-CHC-1152010,2026-08-15T14:06:31Z
1154085,GB-CHC-1154085,Exeter Ethiopia Link,eel,other-open,GB-CHC-1154085,2026-08-15T14:06:31Z
1154230,GB-CHC-1154230,Girls Not Brides: The Global Partnership to End Child Marriage,girlsnotbrides,other-open,GB-CHC-1154230,2026-08-15T14:06:31Z
1154413,GB-CHC-1154413,Climate Bonds Initiative,cbi,uk-ogl,GB-CHC-1154413,2026-08-15T14:06:31Z
1156822,GB-CHC-1156822,Welsh Centre for International Affairs,wcia,odc-pddl,GB-CHC-1156822,2026-08-15T14:06:31Z
1157009,GB-CHC-1157009,Abaseen Foundation UK,abaseen,cc-by,GB-CHC-1157009,2026-08-15T14:06:31Z
1157722,GB-CHC-1157722,Irise International,irise_int,other-open,GB-CHC-1157722,2026-08-15T14:06:31Z
1158206,GB-CHC-1158206,Water Works,waterworks,odc-pddl,GB-CHC-1158206,2026-08-15T14:06:31Z
1158838,GB-CHC-1158838,The Freedom Fund,tff,other-at,GB-CHC-1158838,2026-08-15T14:06:31Z
1159483,GB-CHC-1159483,Start Network,start-network,other-open,GB-CHC-1159483,2026-08-15T14:06:31Z
1159990,GB-CHC-1159990,Sub-Sahara Advisory Panel,ssap,odc-pddl,GB-CHC-1159990,2026-08-15T14:06:31Z
1160256,GB-CHC-1160256,READ Foundation,read-foundation,odc-by,GB-CHC-1160256,2026-08-15T14:06:31Z
1160263,GB-CHC-1160263,WasteAid,wasteaid,odc-pddl,GB-CHC-1160263,2026-08-15T14:06:31Z
1161729,GB-CHC-1161729,Hope for Children,hfc,cc-by,GB-CHC-1161729,2026-08-15T14:06:31Z
1162997,GB-CHC-1162997,Peaceful Change initiative,pci,cc-by,GB-CHC-1162997,2026-08-15T14:06:31Z
1166956,GB-CHC-1166956,UK-Med,uk-med,odc-by,GB-CHC-1166956,2026-08-15T14:06:31Z
1171353,GB-CHC-1171353,Global Innovation Fund,gif,cc-by-sa,GB-CHC-1171353,2026-08-15T14:06:31Z
1172875,GB-CHC-1172875,East African Playgrounds,eap,cc-zero,GB-CHC-1172875,2026-08-15T14:06:31Z
1173320,GB-CHC-1173320,South West International Development Network,swidn,cc-zero,GB-CHC-1173320,2026-08-15T14:06:31Z
1173827,GB-CHC-1173827,Accountable Now,accountablenow,other-pd,GB-CHC-1173827,2026-08-15T14:06:31Z
1174115,GB-CHC-1174115,The Conflict and Environment Observatory,ceobs,odc-by,GB-CHC-1174115,2026-08-15T14:06:31Z
1174610,GB-CHC-1174610,Think Equal UK,thinkequal,cc-by,GB-CHC-1174610,2026-08-15T14:06:31Z
1174874,GB-CHC-1174874,Royal Commonwealth Ex-Sevices League,rcel,cc-by,GB-CHC-1174874,2026-08-15T14:06:31Z
1175658,GB-CHC-1175658,the global steering group for impact investment,gsg,other-pd,GB-CHC-1175658,2026-08-15T14:06:31Z
1175791,GB-CHC-1175791,Global Anaesthesia Development Partnerships,gadp,cc-by,GB-CHC-1175791,2026-08-15T14:06:31Z
1177110,GB-CHC-1177110,Elrha,elrha,cc-by,GB-CHC-1177110,2026-08-15T14:06:31Z
1178168,GB-CHC-1178168,CDAC Network,cdacnetwork,odc-by,GB-CHC-1178168,2026-08-15T14:06:31Z
1180966,GB-CHC-1180966,Myanmar Trust UK,mtuk,cc-by,GB-CHC-1180966,2026-08-15T14:06:31Z
1186748,GB-CHC-1186748,Neotree,nt_2024,cc-zero,GB-CHC-1186748,2026-08-15T14:06:31Z
1187721,GB-CHC-1187721,United World Schools,uws,cc-by,GB-CHC-1187721,2026-08-15T14:06:31Z
1187935,GB-CHC-1187935,International Campaign Women´s Right to Safe Abortion,icwrsa,other-open,GB-CHC-1187935,2026-08-15T14:06:31Z
1188731,GB-CHC-1188731,Sustainable Hospitality Alliance,sha,cc-by,GB-CHC-1188731,2026-08-15T14:06:31Z
1191805,GB-CHC-1191805,Small International Development Charities Network,sidcn,odc-by,GB-CHC-1191805,2026-08-15T14:06:31Z
1193984,GB-CHC-1193984,Vodafone Foundation,vodafonefoundation,,GB-CHC-1193984,2026-08-15T14:06:31Z
1837621,GB-CHC-1837621,Health Poverty Action,hpa,odc-pddl,GB-CHC-1837621,2026-08-15T14:06:31Z
202918,GB-CHC-202918,Oxfam GB,oxfamgb,cc-by,GB-CHC-202918,2026-08-15T14:06:31Z
206504,GB-CHC-206504,The International Institute for Strategic Studies,iiss,odc-by,GB-CHC-206504,2026-08-15T14:06:31Z
206658,GB-CHC-206658,World Horse Welfare,whw2019,odc-by,GB-CHC-206658,2026-08-15T14:06:31Z
207076,GB-CHC-207076,Royal Society for the Protection of Birds,rspb_,other-open,GB-CHC-207076,2026-08-15T14:06:31Z
207544,GB-CHC-207544,Sightsavers,ss-org,other-at,GB-CHC-207544,2026-08-15T14:06:31Z
208223,GB-CHC-208223,Royal Institute of International Affairs,riia,cc-by-sa,GB-CHC-208223,2026-08-15T14:06:31Z
208724,GB-CHC-208724,War on Want,waronwant,odc-pddl,GB-CHC-208724,2026-08-15T14:06:31Z
209131,GB-CHC-209131,British Council,britishcouncil,other-open,GB-CHC-209131,2026-08-15T14:06:31Z
209603,GB-CHC-209603,Royal National Lifeboat Institution (RNLI),rnli_international,cc-by,GB-CHC-209603,2026-08-15T14:06:31Z
210639,GB-CHC-210639,The Royal United Services Institute for Defence and Security Studies,rusi,cc-by,GB-CHC-210639,2026-08-15T14:06:31Z
213251,GB-CHC-213251,Lepra,lepra,cc-by,GB-CHC-213251,2026-08-15T14:06:31Z
213280,GB-CHC-213280,Royal College of Obstetricians & Gynaecologists,rcog_resilience_in_obstetric_skills,other-open,GB-CHC-213280,2026-08-15T14:06:31Z
214779,GB-CHC-214779,The Salvation Army International Development UK,said-uk,,GB-CHC-214779,2026-08-15T14:06:31Z
218186,GB-CHC-218186,Leonard Cheshire Disability,lcd_admin,other-open,GB-CHC-218186,2026-08-15T14:06:31Z
220949,GB-CHC-220949,British Red Cross,gb-chc-220949,other-at,GB-CHC-220949,2026-08-15T14:06:31Z
222655,GB-CHC-222655,Liverpool School of Tropical Medicine,lstm,other-open,GB-CHC-222655,2026-08-15T14:06:31Z
223106,GB-CHC-223106,Royal College of General Practitioners (RCGP),rcgp-international,other-open,GB-CHC-223106,2026-08-15T14:06:31Z
228248,GB-CHC-228248,ODI Global,odi,cc-by,GB-CHC-228248,2026-08-15T14:06:31Z
229476,GB-CHC-229476,International Planned Parenthood Federation,ippf,other-open,GB-CHC-229476,2026-08-15T14:06:31Z
250456,GB-CHC-250456,Find Your Feet,fyf,other-at,GB-CHC-250456,2026-08-15T14:06:31Z
254781,GB-CHC-254781,The International Children's Trust,theict,other-at,GB-CHC-254781,2026-08-15T14:06:31Z
261488,GB-CHC-261488,Amref Health Africa - UK,amrefha,odc-by,GB-CHC-261488,2026-08-15T14:06:31Z
265464,GB-CHC-265464,Tearfund,tearfund,other-at,GB-CHC-265464,2026-08-15T14:06:31Z
270901,GB-CHC-270901,Education Development Trust UK,eddevtrust,odc-pddl,GB-CHC-270901,2026-08-15T14:06:31Z
272465,GB-CHC-272465,United Purpose,cu,cc-by,GB-CHC-272465,2026-08-15T14:06:31Z
274467,GB-CHC-274467,ActionAid UK,aauk,cc-by,GB-CHC-274467,2026-08-15T14:06:31Z
281681,GB-CHC-281681,"Friends of the Earth England, Wales and Northern Ireland",foe_ewni,cc-by,GB-CHC-281681,2026-08-15T14:06:31Z
282305,GB-CHC-282305,Minority Rights Group,mrg,other-open,GB-CHC-282305,2026-08-15T14:06:31Z
283302,GB-CHC-283302,Agency for Cooperation and Research in Development (ACORD),acord,odc-pddl,GB-CHC-283302,2026-08-15T14:06:31Z
285776,GB-CHC-285776,Catholic Agency For Overseas Development (CAFOD),cafod,cc-by,GB-CHC-285776,2026-08-15T14:06:31Z
285908,GB-CHC-285908,World Vision UK,wvuk,odc-pddl,GB-CHC-285908,2026-08-15T14:06:31Z
287287,GB-CHC-287287,Centre for Economic Policy Research,cepr,cc-by,GB-CHC-287287,2026-08-15T14:06:31Z
288701,GB-CHC-288701,WaterAid,wateraid,other-at,GB-CHC-288701,2026-08-15T14:06:31Z
289036,GB-CHC-289036,Emmanuel International UK,eiuk,other-at,GB-CHC-289036,2026-08-15T14:06:31Z
290767,GB-CHC-290767,World Jewish Relief,wjr_001,odc-by,GB-CHC-290767,2026-08-15T14:06:31Z
290836,GB-CHC-290836,APT Action on Poverty,apt,odc-pddl,GB-CHC-290836,2026-08-15T14:06:31Z
291167,GB-CHC-291167,Jeevika Trust,jeevika_trust,other-open,GB-CHC-291167,2026-08-15T14:06:31Z
291333,GB-CHC-291333,Feed the Minds,ftm-291333,odc-by,GB-CHC-291333,2026-08-15T14:06:31Z
291691,GB-CHC-291691,All We Can (formerly Methodist Relief and Development Fund),allwecan,other-at,GB-CHC-291691,2026-08-15T14:06:31Z
291824,GB-CHC-291824,Twin,twin-iati,odc-pddl,GB-CHC-291824,2026-08-15T14:06:31Z
292506,GB-CHC-292506,CARE International UK,ciuk,odc-by,GB-CHC-292506,2026-08-15T14:06:31Z
293734,GB-CHC-293734,Christian Engineers in Development,ced,odc-pddl,GB-CHC-293734,2026-08-15T14:06:31Z
294329,GB-CHC-294329,Progressio (closed),progressio,other-at,GB-CHC-294329,2026-08-15T14:06:31Z
295224,GB-CHC-295224,Muslim Aid,muslimaid,other-open,GB-CHC-295224,2026-08-15T14:06:31Z
297716,GB-CHC-297716,Business in the Community,bitc,odc-by,GB-CHC-297716,2026-08-15T14:06:31Z
298316,GB-CHC-298316,Build Africa,buildafrica,cc-by,GB-CHC-298316,2026-08-15T14:06:31Z
298375,GB-CHC-298375,Centre for Lebanese Studies,cls,cc-by,GB-CHC-298375,2026-08-15T14:06:31Z
299717,GB-CHC-299717,Send a Cow UK,sendacow,odc-pddl,GB-CHC-299717,2026-08-15T14:06:31Z
313139,GB-CHC-313139,Africa Educational Trust,aet,cc-by,GB-CHC-313139,2026-08-15T14:06:31Z
313392,GB-CHC-313392,National Foundation for Educational Research,nfer,other-at,GB-CHC-313392,2026-08-15T14:06:31Z
313757,GB-CHC-313757,Voluntary Service Overseas (VSO),vso,cc-by,GB-CHC-313757,2026-08-15T14:06:31Z
314137,GB-CHC-314137,Association of Commonwealth Universities,acu,other-open,GB-CHC-314137,2026-08-15T14:06:31Z
326568,GB-CHC-326568,Charity Projects Ltd (Comic Relief),cprojects,,GB-CHC-326568,2026-08-15T14:06:31Z
326859,GB-CHC-326859,Able Child Africa,ablechildafrica,cc-by,GB-CHC-326859,2026-08-15T14:06:31Z
327421,GB-CHC-327421,Article19,art19,other-at,GB-CHC-327421,2026-08-15T14:06:31Z
327461,GB-CHC-327461,Karuna Trust,karuna,other-at,GB-CHC-327461,2026-08-15T14:06:31Z
327519,GB-CHC-327519,Zimbabwe Educational Trust,zet,other-at,GB-CHC-327519,2026-08-15T14:06:31Z
328158,GB-CHC-328158,Islamic Relief Worldwide,irw,other-at,GB-CHC-328158,2026-08-15T14:06:31Z
328206,GB-CHC-328206,Womankind Worldwide,womankindworld,odc-pddl,GB-CHC-328206,2026-08-15T14:06:31Z
328273,GB-CHC-328273,Food for the Hungry UK,fh,cc-zero,GB-CHC-328273,2026-08-15T14:06:31Z
328434,GB-CHC-328434,ChildHope UK,childhopeuk,other-at,GB-CHC-328434,2026-08-15T14:06:31Z
391,GB-CHC-391,The Open University,open_university,cc-zero,GB-CHC-000391,2026-08-15T14:06:31Z
800672,GB-CHC-800672,Living Earth Foundation,livingearth12,other-open,GB-CHC-800672,2026-08-15T14:06:31Z
802353,GB-CHC-802353,Ethiopiaid UK,ethiopiaiduk,other-open,GB-CHC-802353,2026-08-15T14:06:31Z
