org_id,scheme,identifier,publisher_name,registry_slug,url
GB-CHC-202918,IATI,GB-CHC-202918,Oxfam GB,oxfamgb,https://dashboard.iatistandard.org/publishers/oxfamgb/
GB-CHC-206504,IATI,GB-CHC-206504,The International Institute for Strategic Studies,iiss,https://dashboard.iatistandard.org/publishers/iiss/
GB-CHC-206658,IATI,GB-CHC-206658,World Horse Welfare,whw2019,https://dashboard.iatistandard.org/publishers/whw2019/
GB-CHC-207076,IATI,GB-CHC-207076,Royal Society for the Protection of Birds,rspb_,https://dashboard.iatistandard.org/publishers/rspb_/
GB-CHC-207544,IATI,GB-CHC-207544,Sightsavers,ss-org,https://dashboard.iatistandard.org/publishers/ss-org/
GB-CHC-208724,IATI,GB-CHC-208724,War on Want,waronwant,https://dashboard.iatistandard.org/publishers/waronwant/
GB-CHC-209131,IATI,GB-CHC-209131,British Council,britishcouncil,https://dashboard.iatistandard.org/publishers/britishcouncil/
GB-CHC-209603,IATI,GB-CHC-209603,Royal National Lifeboat Institution (RNLI),rnli_international,https://dashboard.iatistandard.org/publishers/rnli_international/
GB-CHC-210639,IATI,GB-CHC-210639,The Royal United Services Institute for Defence and Security Studies,rusi,https://dashboard.iatistandard.org/publishers/rusi/
GB-CHC-213251,IATI,GB-CHC-213251,Lepra,lepra,https://dashboard.iatistandard.org/publishers/lepra/
GB-CHC-213280,IATI,GB-CHC-213280,Royal College of Obstetricians & Gynaecologists,rcog_resilience_in_obstetric_skills,https://dashboard.iatistandard.org/publishers/rcog_resilience_in_obstetric_skills/
GB-CHC-218186,IATI,GB-CHC-218186,Leonard Cheshire Disability,lcd_admin,https://dashboard.iatistandard.org/publishers/lcd_admin/
GB-CHC-220949,IATI,GB-CHC-220949,British Red Cross,gb-chc-220949,https://dashboard.iatistandard.org/publishers/gb-chc-220949/
GB-CHC-222655,IATI,GB-CHC-222655,Liverpool School of Tropical Medicine,lstm,https://dashboard.iatistandard.org/publishers/lstm/
GB-CHC-228248,IATI,GB-CHC-228248,ODI Global,odi,https://dashboard.iatistandard.org/publishers/odi/
GB-CHC-229476,IATI,GB-CHC-229476,International Planned Parenthood Federation,ippf,https://dashboard.iatistandard.org/publishers/ippf/
GB-CHC-250456,IATI,GB-CHC-250456,Find Your Feet,fyf,https://dashboard.iatistandard.org/publishers/fyf/
GB-CHC-254781,IATI,GB-CHC-254781,The International Children's Trust,theict,https://dashboard.iatistandard.org/publishers/theict/
GB-CHC-261488,IATI,GB-CHC-261488,Amref Health Africa - UK,amrefha,https://dashboard.iatistandard.org/publishers/amrefha/
GB-CHC-265464,IATI,GB-CHC-265464,Tearfund,tearfund,https://dashboard.iatistandard.org/publishers/tearfund/
GB-CHC-270901,IATI,GB-CHC-270901,Education Development Trust UK,eddevtrust,https://dashboard.iatistandard.org/publishers/eddevtrust/
GB-CHC-272465,IATI,GB-CHC-272465,United Purpose,cu,https://dashboard.iatistandard.org/publishers/cu/
GB-CHC-274467,IATI,GB-CHC-274467,ActionAid UK,aauk,https://dashboard.iatistandard.org/publishers/aauk/
GB-CHC-282305,IATI,GB-CHC-282305,Minority Rights Group,mrg,https://dashboard.iatistandard.org/publishers/mrg/
GB-CHC-285908,IATI,GB-CHC-285908,World Vision UK,wvuk,https://dashboard.iatistandard.org/publishers/wvuk/
GB-CHC-288701,IATI,GB-CHC-288701,WaterAid,wateraid,https://dashboard.iatistandard.org/publishers/wateraid/
GB-CHC-289036,IATI,GB-CHC-289036,Emmanuel International UK,eiuk,https://dashboard.iatistandard.org/publishers/eiuk/
GB-CHC-290767,IATI,GB-CHC-290767,World Jewish Relief,wjr_001,https://dashboard.iatistandard.org/publishers/wjr_001/
GB-CHC-290836,IATI,GB-CHC-290836,APT Action on Poverty,apt,https://dashboard.iatistandard.org/publishers/apt/
GB-CHC-291167,IATI,GB-CHC-291167,Jeevika Trust,jeevika_trust,https://dashboard.iatistandard.org/publishers/jeevika_trust/
GB-CHC-291691,IATI,GB-CHC-291691,All We Can (formerly Methodist Relief and Development Fund),allwecan,https://dashboard.iatistandard.org/publishers/allwecan/
GB-CHC-292506,IATI,GB-CHC-292506,CARE International UK,ciuk,https://dashboard.iatistandard.org/publishers/ciuk/
GB-CHC-293734,IATI,GB-CHC-293734,Christian Engineers in Development,ced,https://dashboard.iatistandard.org/publishers/ced/
GB-CHC-298316,IATI,GB-CHC-298316,Build Africa,buildafrica,https://dashboard.iatistandard.org/publishers/buildafrica/
GB-CHC-298375,IATI,GB-CHC-298375,Centre for Lebanese Studies,cls,https://dashboard.iatistandard.org/publishers/cls/
GB-CHC-299717,IATI,GB-CHC-299717,Send a Cow UK,sendacow,https://dashboard.iatistandard.org/publishers/sendacow/
GB-CHC-313392,IATI,GB-CHC-313392,National Foundation for Educational Research,nfer,https://dashboard.iatistandard.org/publishers/nfer/
GB-CHC-313757,IATI,GB-CHC-313757,Voluntary Service Overseas (VSO),vso,https://dashboard.iatistandard.org/publishers/vso/
GB-CHC-326859,IATI,GB-CHC-326859,Able Child Africa,ablechildafrica,https://dashboard.iatistandard.org/publishers/ablechildafrica/
GB-CHC-327421,IATI,GB-CHC-327421,Article19,art19,https://dashboard.iatistandard.org/publishers/art19/
GB-CHC-327461,IATI,GB-CHC-327461,Karuna Trust,karuna,https://dashboard.iatistandard.org/publishers/karuna/
GB-CHC-327519,IATI,GB-CHC-327519,Zimbabwe Educational Trust,zet,https://dashboard.iatistandard.org/publishers/zet/
GB-CHC-328158,IATI,GB-CHC-328158,Islamic Relief Worldwide,irw,https://dashboard.iatistandard.org/publishers/irw/
GB-CHC-328206,IATI,GB-CHC-328206,Womankind Worldwide,womankindworld,https://dashboard.iatistandard.org/publishers/womankindworld/
GB-CHC-328273,IATI,GB-CHC-328273,Food for the Hungry UK,fh,https://dashboard.iatistandard.org/publishers/fh/
GB-CHC-802353,IATI,GB-CHC-802353,Ethiopiaid UK,ethiopiaiduk,https://dashboard.iatistandard.org/publishers/ethiopiaiduk/
GB-CHC-1001349,IATI,GB-CHC-1001349,Samaritan's Purse UK,spuk,https://dashboard.iatistandard.org/publishers/spuk/
GB-CHC-1001813,IATI,GB-CHC-1001813,The HALO Trust,halo,https://dashboard.iatistandard.org/publishers/halo/
GB-CHC-1013587,IATI,GB-CHC-1013587,Chance for Childhood,chanceforchildhood,https://dashboard.iatistandard.org/publishers/chanceforchildhood/
GB-CHC-1016676,IATI,GB-CHC-1016676,INTRAC,intrac,https://dashboard.iatistandard.org/publishers/intrac/
GB-CHC-1017255,IATI,GB-CHC-1017255,Homeless International,hi,https://dashboard.iatistandard.org/publishers/hi/
GB-CHC-1017336,IATI,GB-CHC-1017336,Elton John AIDS Foundation,ejaf,https://dashboard.iatistandard.org/publishers/ejaf/
GB-CHC-1020488,IATI,GB-CHC-1020488,Children in Crisis,cic,https://dashboard.iatistandard.org/publishers/cic/
GB-CHC-1024903,IATI,GB-CHC-1024903,Hospice Africa Ltd,hauk,https://dashboard.iatistandard.org/publishers/hauk/
GB-CHC-1027201,IATI,GB-CHC-1027201,Institute for War & Peace Reporting,iwpr,https://dashboard.iatistandard.org/publishers/iwpr/
GB-CHC-1029161,IATI,GB-CHC-1029161,Camfed International,camfed,https://dashboard.iatistandard.org/publishers/camfed/
GB-CHC-1030884,IATI,GB-CHC-1030884,The Wildfowl and Wetlands Trust,gb-chc-1030884,https://dashboard.iatistandard.org/publishers/gb-chc-1030884/
GB-CHC-1038785,IATI,GB-CHC-1038785,Mifumi UK,mifumi_uk,https://dashboard.iatistandard.org/publishers/mifumi_uk/
GB-CHC-1038860,IATI,GB-CHC-1038860,Frontline AIDS,f-aids,https://dashboard.iatistandard.org/publishers/f-aids/
GB-CHC-1043843,IATI,GB-CHC-1043843,Saferworld,saferworld,https://dashboard.iatistandard.org/publishers/saferworld/
GB-CHC-1046001,IATI,GB-CHC-1046001,Disability and Development Partners,ddp,https://dashboard.iatistandard.org/publishers/ddp/
GB-CHC-1046579,IATI,GB-CHC-1046579,Consortium for Street Children,csc,https://dashboard.iatistandard.org/publishers/csc/
GB-CHC-1047501,IATI,GB-CHC-1047501,Action Against Hunger UK,acf,https://dashboard.iatistandard.org/publishers/acf/
GB-CHC-1047653,IATI,GB-CHC-1047653,Raleigh International,raleigh_int,https://dashboard.iatistandard.org/publishers/raleigh_int/
GB-CHC-1048007,IATI,GB-CHC-1048007,Link Community Development International,lcdi_admin,https://dashboard.iatistandard.org/publishers/lcdi_admin/
GB-CHC-1049160,IATI,GB-CHC-1049160,Anti-Slavery International,asil,https://dashboard.iatistandard.org/publishers/asil/
GB-CHC-1051681,IATI,GB-CHC-1051681,Amnesty International UK Section Charitable Trust,aiuk,https://dashboard.iatistandard.org/publishers/aiuk/
GB-CHC-1053389,IATI,GB-CHC-1053389,Viva,viva,https://dashboard.iatistandard.org/publishers/viva/
GB-CHC-1054369,IATI,GB-CHC-1054369,KwaAfrica,kwaafrica,https://dashboard.iatistandard.org/publishers/kwaafrica/
GB-CHC-1055436,IATI,GB-CHC-1055436,Conciliation Resources,cr,https://dashboard.iatistandard.org/publishers/cr/
GB-CHC-1058162,IATI,GB-CHC-1058162,Christian Blind Mission (UK) Ltd.,cbm,https://dashboard.iatistandard.org/publishers/cbm/
GB-CHC-1058991,IATI,GB-CHC-1058991,Railway Children,rc,https://dashboard.iatistandard.org/publishers/rc/
GB-CHC-1061352,IATI,GB-CHC-1061352,Orbis Charitable Trust,orbis_uk,https://dashboard.iatistandard.org/publishers/orbis_uk/
GB-CHC-1065705,IATI,GB-CHC-1065705,Survivors Fund (SURF),surf,https://dashboard.iatistandard.org/publishers/surf/
GB-CHC-1065972,IATI,GB-CHC-1065972,International Rescue Committee UK,irc_uk,https://dashboard.iatistandard.org/publishers/irc_uk/
GB-CHC-1067406,IATI,GB-CHC-1067406,Doctors of the World UK,dotw_uk,https://dashboard.iatistandard.org/publishers/dotw_uk/
GB-CHC-1069182,IATI,GB-CHC-1069182,International Service,unais,https://dashboard.iatistandard.org/publishers/unais/
GB-CHC-1070684,IATI,GB-CHC-1070684,Cord,cord,https://dashboard.iatistandard.org/publishers/cord/
GB-CHC-1071659,IATI,GB-CHC-1071659,War Child UK,wcuk,https://dashboard.iatistandard.org/publishers/wcuk/
GB-CHC-1071660,IATI,GB-CHC-1071660,Cecily's Fund,cecily,https://dashboard.iatistandard.org/publishers/cecily/
GB-CHC-1071886,IATI,GB-CHC-1071886,TB Alert,tbalert,https://dashboard.iatistandard.org/publishers/tbalert/
GB-CHC-1074937,IATI,GB-CHC-1074937,ADRA-UK,adrauk,https://dashboard.iatistandard.org/publishers/adrauk/
GB-CHC-1075920,IATI,GB-CHC-1075920,Indigo Trust,indtrust,https://dashboard.iatistandard.org/publishers/indtrust/
GB-CHC-1076235,IATI,GB-CHC-1076235,BBC Media Action,bbcmediaaction,https://dashboard.iatistandard.org/publishers/bbcmediaaction/
GB-CHC-1076497,IATI,GB-CHC-1076497,Sense International,sense_international,https://dashboard.iatistandard.org/publishers/sense_international/
GB-CHC-1076722,IATI,GB-CHC-1076722,TRAFFIC International,traffic,https://dashboard.iatistandard.org/publishers/traffic/
GB-CHC-1076822,IATI,GB-CHC-1076822,Save the Children International,sci,https://dashboard.iatistandard.org/publishers/sci/
GB-CHC-1077216,IATI,GB-CHC-1077216,Compassion UK,comp_uk,https://dashboard.iatistandard.org/publishers/comp_uk/
GB-CHC-1077889,IATI,GB-CHC-1077889,Pump Aid,pumpaid,https://dashboard.iatistandard.org/publishers/pumpaid/
GB-CHC-1078803,IATI,GB-CHC-1078803,Bees for Development Trust,beesfordevelopment,https://dashboard.iatistandard.org/publishers/beesfordevelopment/
GB-CHC-1079358,IATI,GB-CHC-1079358,Motivation,motivation,https://dashboard.iatistandard.org/publishers/motivation/
GB-CHC-1079752,IATI,GB-CHC-1079752,RedR UK,redruk,https://dashboard.iatistandard.org/publishers/redruk/
GB-CHC-1081247,IATI,GB-CHC-1081247,WWF-UK,wwf-uk,https://dashboard.iatistandard.org/publishers/wwf-uk/
GB-CHC-1081695,IATI,GB-CHC-1081695,Vision Aid Overseas,vao,https://dashboard.iatistandard.org/publishers/vao/
GB-CHC-1082139,IATI,GB-CHC-1082139,Thomson Reuters Foundation,trf,https://dashboard.iatistandard.org/publishers/trf/
GB-CHC-1082565,IATI,GB-CHC-1082565,Handicap International UK,hiuk,https://dashboard.iatistandard.org/publishers/hiuk/
GB-CHC-1083008,IATI,GB-CHC-1083008,MAG,mag,https://dashboard.iatistandard.org/publishers/mag/
GB-CHC-1084729,IATI,GB-CHC-1084729,World Child Cancer UK,wccuk,https://dashboard.iatistandard.org/publishers/wccuk/
GB-CHC-1086159,IATI,GB-CHC-1086159,One to One Children's Fund,onetoonecf,https://dashboard.iatistandard.org/publishers/onetoonecf/
GB-CHC-1089110,IATI,GB-CHC-1089110,Global Canopy,globalcanopy,https://dashboard.iatistandard.org/publishers/globalcanopy/
GB-CHC-1089490,IATI,GB-CHC-1089490,Hope and Homes for Children,hhc,https://dashboard.iatistandard.org/publishers/hhc/
GB-CHC-1090745,IATI,GB-CHC-1090745,ICA:UK,icauk,https://dashboard.iatistandard.org/publishers/icauk/
GB-CHC-1091105,IATI,GB-CHC-1091105,Meningitis Research Foundation,mrf,https://dashboard.iatistandard.org/publishers/mrf/
GB-CHC-1092236,IATI,GB-CHC-1092236,Concern Worldwide UK,concernuk,https://dashboard.iatistandard.org/publishers/concernuk/
GB-CHC-1093861,IATI,GB-CHC-1093861,International Medical Corps UK,imc_uk,https://dashboard.iatistandard.org/publishers/imc_uk/
GB-CHC-1094272,IATI,GB-CHC-1094272,Project Harar,phe,https://dashboard.iatistandard.org/publishers/phe/
GB-CHC-1094478,IATI,GB-CHC-1094478,Excellent Development,excellent,https://dashboard.iatistandard.org/publishers/excellent/
GB-CHC-1096479,IATI,GB-CHC-1096479,ShelterBox,shelterbox,https://dashboard.iatistandard.org/publishers/shelterbox/
GB-CHC-1096908,IATI,GB-CHC-1096908,Afghanistan and Central Asian Association,acaa,https://dashboard.iatistandard.org/publishers/acaa/
GB-CHC-1098106,IATI,GB-CHC-1098106,Relief International UK,ri-uk,https://dashboard.iatistandard.org/publishers/ri-uk/
GB-CHC-1099776,IATI,GB-CHC-1099776,Malaria Consortium,malariaconsortium,https://dashboard.iatistandard.org/publishers/malariaconsortium/
GB-CHC-1101217,IATI,GB-CHC-1101217,LAMB Health Care Foundation,lhcf,https://dashboard.iatistandard.org/publishers/lhcf/
GB-CHC-1102028,IATI,GB-CHC-1102028,Canon Collins Trust,canoncollinstrust,https://dashboard.iatistandard.org/publishers/canoncollinstrust/
GB-CHC-1102909,IATI,GB-CHC-1102909,The Climate Change Organisation,climate-group,https://dashboard.iatistandard.org/publishers/climate-group/
GB-CHC-1104287,IATI,GB-CHC-1104287,MicroLoan Foundation,mlf,https://dashboard.iatistandard.org/publishers/mlf/
GB-CHC-1104458,IATI,GB-CHC-1104458,Theatre for a Change UK,tfac,https://dashboard.iatistandard.org/publishers/tfac/
GB-CHC-1105277,IATI,GB-CHC-1105277,Learning for Life,learningforlife,https://dashboard.iatistandard.org/publishers/learningforlife/
GB-CHC-1105489,IATI,GB-CHC-1105489,Sabre Education Limited,sct,https://dashboard.iatistandard.org/publishers/sct/
GB-CHC-1105851,IATI,GB-CHC-1105851,Christian Aid,caid,https://dashboard.iatistandard.org/publishers/caid/
GB-CHC-1106156,IATI,GB-CHC-1106156,kidasha,kidasha,https://dashboard.iatistandard.org/publishers/kidasha/
GB-CHC-1106349,IATI,GB-CHC-1106349,International Network for Advancing Science and Policy,inasp,https://dashboard.iatistandard.org/publishers/inasp/
GB-CHC-1107403,IATI,GB-CHC-1107403,GOAL,goal,https://dashboard.iatistandard.org/publishers/goal/
GB-CHC-1108464,IATI,GB-CHC-1108464,Bees Abroad UK,bauk,https://dashboard.iatistandard.org/publishers/bauk/
GB-CHC-1108718,IATI,GB-CHC-1108718,African Revival,africanrevival,https://dashboard.iatistandard.org/publishers/africanrevival/
GB-CHC-1109789,IATI,GB-CHC-1109789,Y Care International,ycare,https://dashboard.iatistandard.org/publishers/ycare/
GB-CHC-1110434,IATI,GB-CHC-1110434,Wellfound,wellfound,https://dashboard.iatistandard.org/publishers/wellfound/
GB-CHC-1111719,IATI,GB-CHC-1111719,Anglo American Foundation,aaf,https://dashboard.iatistandard.org/publishers/aaf/
GB-CHC-1112404,IATI,GB-CHC-1112404,Right To Play UK,rtp_uk,https://dashboard.iatistandard.org/publishers/rtp_uk/
GB-CHC-1112699,IATI,GB-CHC-1112699,Teach A Man To Fish,tamtf,https://dashboard.iatistandard.org/publishers/tamtf/
GB-CHC-1112734,IATI,GB-CHC-1112734,PHASE Worldwide,phase_worldwide,https://dashboard.iatistandard.org/publishers/phase_worldwide/
GB-CHC-1112842,IATI,GB-CHC-1112842,Transparency International UK,ti-uk,https://dashboard.iatistandard.org/publishers/ti-uk/
GB-CHC-1113101,IATI,GB-CHC-1113101,Tropical Health and Education Trust,tropicalhealth,https://dashboard.iatistandard.org/publishers/tropicalhealth/
GB-CHC-1113868,IATI,GB-CHC-1113868,Hand in Hand International,handinhand,https://dashboard.iatistandard.org/publishers/handinhand/
GB-CHC-1114727,IATI,GB-CHC-1114727,Joshua Orphan and Community Care,jocc_uk,https://dashboard.iatistandard.org/publishers/jocc_uk/
GB-CHC-1114944,IATI,GB-CHC-1114944,iPartner India,ip-india,https://dashboard.iatistandard.org/publishers/ip-india/
GB-CHC-1115109,IATI,GB-CHC-1115109,Women for Women International (UK),wfwiuk,https://dashboard.iatistandard.org/publishers/wfwiuk/
GB-CHC-1115482,IATI,GB-CHC-1115482,BRAC UK,bracuk,https://dashboard.iatistandard.org/publishers/bracuk/
GB-CHC-1117377,IATI,GB-CHC-1117377,Village Water Ltd,villagewater,https://dashboard.iatistandard.org/publishers/villagewater/
GB-CHC-1117528,IATI,GB-CHC-1117528,Haiti Hospital Appeal,hha,https://dashboard.iatistandard.org/publishers/hha/
GB-CHC-1118528,IATI,GB-CHC-1118528,Child.org,child-dot_org,https://dashboard.iatistandard.org/publishers/child-dot_org/
GB-CHC-1119168,IATI,GB-CHC-1119168,Energy 4 Impact,e4i,https://dashboard.iatistandard.org/publishers/e4i/
GB-CHC-1120413,IATI,GB-CHC-1120413,MICAIA,mic-uk,https://dashboard.iatistandard.org/publishers/mic-uk/
GB-CHC-1120932,IATI,GB-CHC-1120932,Network for Africa,network4africa,https://dashboard.iatistandard.org/publishers/network4africa/
GB-CHC-1121273,IATI,GB-CHC-1121273,FRANK Water,frankwater,https://dashboard.iatistandard.org/publishers/frankwater/
GB-CHC-1122299,IATI,GB-CHC-1122299,interburns,interburns,https://dashboard.iatistandard.org/publishers/interburns/
GB-CHC-1122330,IATI,GB-CHC-1122330,CDP Worldwide,cdp,https://dashboard.iatistandard.org/publishers/cdp/
GB-CHC-1122799,IATI,GB-CHC-1122799,Retrak,retrak,https://dashboard.iatistandard.org/publishers/retrak/
GB-CHC-1123241,IATI,GB-CHC-1123241,Peace Direct,peacedirect,https://dashboard.iatistandard.org/publishers/peacedirect/
GB-CHC-1123946,IATI,GB-CHC-1123946,Youth Business International,ybi,https://dashboard.iatistandard.org/publishers/ybi/
GB-CHC-1125217,IATI,GB-CHC-1125217,Welbodi Partnership,welbodipartnership,https://dashboard.iatistandard.org/publishers/welbodipartnership/
GB-CHC-1125948,IATI,GB-CHC-1125948,PONT,pont,https://dashboard.iatistandard.org/publishers/pont/
GB-CHC-1126281,IATI,GB-CHC-1126281,Human Relief Foundation,hrf,https://dashboard.iatistandard.org/publishers/hrf/
GB-CHC-1126550,IATI,GB-CHC-1126550,PEAS (Promoting Equality in African Schools),peas,https://dashboard.iatistandard.org/publishers/peas/
GB-CHC-1126727,IATI,GB-CHC-1126727,MapAction,mapaction,https://dashboard.iatistandard.org/publishers/mapaction/
GB-CHC-1127366,IATI,GB-CHC-1127366,British Asian Trust,b_a_t,https://dashboard.iatistandard.org/publishers/b_a_t/
GB-CHC-1127488,IATI,GB-CHC-1127488,Restless Development,restless,https://dashboard.iatistandard.org/publishers/restless/
GB-CHC-1128536,IATI,GB-CHC-1128536,Street Child,street_child,https://dashboard.iatistandard.org/publishers/street_child/
GB-CHC-1129603,IATI,GB-CHC-1129603,Cyan International,cyan,https://dashboard.iatistandard.org/publishers/cyan/
GB-CHC-1133342,IATI,GB-CHC-1133342,Zing,zing,https://dashboard.iatistandard.org/publishers/zing/
GB-CHC-1135156,IATI,GB-CHC-1135156,TREE AID,treea,https://dashboard.iatistandard.org/publishers/treea/
GB-CHC-1135700,IATI,GB-CHC-1135700,British & Irish Agencies Afghanistan Group,baag,https://dashboard.iatistandard.org/publishers/baag/
GB-CHC-1137523,IATI,GB-CHC-1137523,The Proforest Initiative UK,pi-uk,https://dashboard.iatistandard.org/publishers/pi-uk/
GB-CHC-1138287,IATI,GB-CHC-1138287,Rainforest Foundation UK,rfuk,https://dashboard.iatistandard.org/publishers/rfuk/
GB-CHC-1139083,IATI,GB-CHC-1139083,Grow Movement,growmovement_admin,https://dashboard.iatistandard.org/publishers/growmovement_admin/
GB-CHC-1141028,IATI,GB-CHC-1141028,AfriKids,afrikids,https://dashboard.iatistandard.org/publishers/afrikids/
GB-CHC-1141471,IATI,GB-CHC-1141471,Global Network of Civil Society Organisations for Disaster Risk Reduction (GNDR),gndr,https://dashboard.iatistandard.org/publishers/gndr/
GB-CHC-1141552,IATI,GB-CHC-1141552,Balloon Ventures Foundation,bvf,https://dashboard.iatistandard.org/publishers/bvf/
GB-CHC-1145119,IATI,GB-CHC-1145119,Varkey Foundation,varkeyfoundation,https://dashboard.iatistandard.org/publishers/varkeyfoundation/
GB-CHC-1145721,IATI,GB-CHC-1145721,Zambia Orphans Aid UK,zoa_uk,https://dashboard.iatistandard.org/publishers/zoa_uk/
GB-CHC-1147083,IATI,GB-CHC-1147083,Rojiroti UK,rojiroti,https://dashboard.iatistandard.org/publishers/rojiroti/
GB-CHC-1148143,IATI,GB-CHC-1148143,Stakeholder Democracy Network,sdn,https://dashboard.iatistandard.org/publishers/sdn/
GB-CHC-1148404,IATI,GB-CHC-1148404,Internews Europe,ieu,https://dashboard.iatistandard.org/publishers/ieu/
GB-CHC-1150214,IATI,GB-CHC-1150214,Carers Worldwide,cww,https://dashboard.iatistandard.org/publishers/cww/
GB-CHC-1150964,IATI,GB-CHC-1150964,inHive,inhive,https://dashboard.iatistandard.org/publishers/inhive/
GB-CHC-1150993,IATI,GB-CHC-1150993,Near East Foundation UK (NEF UK),nef-uk,https://dashboard.iatistandard.org/publishers/nef-uk/
GB-CHC-1151219,IATI,GB-CHC-1151219,DeafKidz International,dki1151219,https://dashboard.iatistandard.org/publishers/dki1151219/
GB-CHC-1152010,IATI,GB-CHC-1152010,Child-to-Child,ctc,https://dashboard.iatistandard.org/publishers/ctc/
GB-CHC-1154085,IATI,GB-CHC-1154085,Exeter Ethiopia Link,eel,https://dashboard.iatistandard.org/publishers/eel/
GB-CHC-1154230,IATI,GB-CHC-1154230,Girls Not Brides: The Global Partnership to End Child Marriage,girlsnotbrides,https://dashboard.iatistandard.org/publishers/girlsnotbrides/
GB-CHC-1154413,IATI,GB-CHC-1154413,Climate Bonds Initiative,cbi,https://dashboard.iatistandard.org/publishers/cbi/
GB-CHC-1157009,IATI,GB-CHC-1157009,Abaseen Foundation UK,abaseen,https://dashboard.iatistandard.org/publishers/abaseen/
GB-CHC-1157722,IATI,GB-CHC-1157722,Irise International,irise_int,https://dashboard.iatistandard.org/publishers/irise_int/
GB-CHC-1158206,IATI,GB-CHC-1158206,Water Works,waterworks,https://dashboard.iatistandard.org/publishers/waterworks/
GB-CHC-1158838,IATI,GB-CHC-1158838,The Freedom Fund,tff,https://dashboard.iatistandard.org/publishers/tff/
GB-CHC-1159990,IATI,GB-CHC-1159990,Sub-Sahara Advisory Panel,ssap,https://dashboard.iatistandard.org/publishers/ssap/
GB-CHC-1160256,IATI,GB-CHC-1160256,READ Foundation,read-foundation,https://dashboard.iatistandard.org/publishers/read-foundation/
GB-CHC-1160263,IATI,GB-CHC-1160263,WasteAid,wasteaid,https://dashboard.iatistandard.org/publishers/wasteaid/
GB-CHC-1162997,IATI,GB-CHC-1162997,Peaceful Change initiative,pci,https://dashboard.iatistandard.org/publishers/pci/
GB-CHC-1166956,IATI,GB-CHC-1166956,UK-Med,uk-med,https://dashboard.iatistandard.org/publishers/uk-med/
GB-CHC-1171353,IATI,GB-CHC-1171353,Global Innovation Fund,gif,https://dashboard.iatistandard.org/publishers/gif/
GB-CHC-1172875,IATI,GB-CHC-1172875,East African Playgrounds,eap,https://dashboard.iatistandard.org/publishers/eap/
GB-CHC-1174874,IATI,GB-CHC-1174874,Royal Commonwealth Ex-Sevices League,rcel,https://dashboard.iatistandard.org/publishers/rcel/
GB-CHC-1175791,IATI,GB-CHC-1175791,Global Anaesthesia Development Partnerships,gadp,https://dashboard.iatistandard.org/publishers/gadp/
GB-CHC-1177110,IATI,GB-CHC-1177110,Elrha,elrha,https://dashboard.iatistandard.org/publishers/elrha/
GB-CHC-1178168,IATI,GB-CHC-1178168,CDAC Network,cdacnetwork,https://dashboard.iatistandard.org/publishers/cdacnetwork/
GB-CHC-1180966,IATI,GB-CHC-1180966,Myanmar Trust UK,mtuk,https://dashboard.iatistandard.org/publishers/mtuk/
GB-CHC-1186748,IATI,GB-CHC-1186748,Neotree,nt_2024,https://dashboard.iatistandard.org/publishers/nt_2024/
GB-CHC-1187721,IATI,GB-CHC-1187721,United World Schools,uws,https://dashboard.iatistandard.org/publishers/uws/
GB-CHC-1188731,IATI,GB-CHC-1188731,Sustainable Hospitality Alliance,sha,https://dashboard.iatistandard.org/publishers/sha/
GB-CHC-1193984,IATI,GB-CHC-1193984,Vodafone Foundation,vodafonefoundation,https://dashboard.iatistandard.org/publishers/vodafonefoundation/
